<?xml version="1.0" encoding="UTF-8"?>
<Tokens version="1.0">
	<File path="Classes/OMCFetchFileBuilder.html">
		
		<Token>
			<TokenIdentifier>//apple_ref/occ/cl/OMCFetchFileBuilder</TokenIdentifier>
			<Abstract type="html">Fetch file builder to get OMCMobileFile</Abstract>
			<DeclaredIn>OMCFetchFileBuilder.h</DeclaredIn>
            
			
			<NodeRef refid="7"/>
		</Token>
		
		
		<Token>
			<TokenIdentifier>//apple_ref/occ/instm/OMCFetchFileBuilder/getSyncPolicy</TokenIdentifier>
			<Abstract type="html">* Gets currently set SyncPolicy</Abstract>
			<DeclaredIn>OMCFetchFileBuilder.h</DeclaredIn>
			
			<Declaration>- (OMCSyncPolicy *)getSyncPolicy</Declaration>
			
			<ReturnValue><Abstract type="html">OMCSyncPolicy object, if not set will return default SyncPolicy.</Abstract></ReturnValue>
			<Anchor>//api/name/getSyncPolicy</Anchor>
            <NodeRef refid="7"/>
		</Token>
		
		<Token>
			<TokenIdentifier>//apple_ref/occ/instm/OMCFetchFileBuilder/setSyncPolicy:</TokenIdentifier>
			<Abstract type="html">* Sets SyncPolicy</Abstract>
			<DeclaredIn>OMCFetchFileBuilder.h</DeclaredIn>
			
			<Declaration>- (void)setSyncPolicy:(OMCSyncPolicy *)syncPolicy</Declaration>
			<Parameters>
				<Parameter>
					<Name>syncPolicy</Name>
					<Abstract type="html">will set the passed policy as current SyncPolicy</Abstract>
				</Parameter>
			</Parameters>
			
			<Anchor>//api/name/setSyncPolicy:</Anchor>
            <NodeRef refid="7"/>
		</Token>
		
		<Token>
			<TokenIdentifier>//apple_ref/occ/instm/OMCFetchFileBuilder/setSyncPolicyFetchFromServer</TokenIdentifier>
			<Abstract type="html">Sets Fetch policy in SyncPolicy as FetchFromServer, other policy in SyncPolicy will remain same.</Abstract>
			<DeclaredIn>OMCFetchFileBuilder.h</DeclaredIn>
			
			<Declaration>- (void)setSyncPolicyFetchFromServer</Declaration>
			
			
			<Anchor>//api/name/setSyncPolicyFetchFromServer</Anchor>
            <NodeRef refid="7"/>
		</Token>
		
		<Token>
			<TokenIdentifier>//apple_ref/occ/instm/OMCFetchFileBuilder/setRequestHeaders:</TokenIdentifier>
			<Abstract type="html">Sets extra request headers.
No need of Headers for authorization, content-type, as they will be added by default.</Abstract>
			<DeclaredIn>OMCFetchFileBuilder.h</DeclaredIn>
			
			<Declaration>- (void)setRequestHeaders:(NSDictionary *)headers</Declaration>
			<Parameters>
				<Parameter>
					<Name>headers</Name>
					<Abstract type="html">Extra request headers</Abstract>
				</Parameter>
			</Parameters>
			
			<Anchor>//api/name/setRequestHeaders:</Anchor>
            <NodeRef refid="7"/>
		</Token>
		
		<Token>
			<TokenIdentifier>//apple_ref/occ/instm/OMCFetchFileBuilder/executeFetchOnSuccess:OnError:</TokenIdentifier>
			<Abstract type="html">* Execute the Get request, based on Policy set, it will goto Server to Local cache or both.</Abstract>
			<DeclaredIn>OMCFetchFileBuilder.h</DeclaredIn>
			
			<Declaration>- (void)executeFetchOnSuccess:(OMCFetchFileSuccess)successBlk OnError:(OMCSyncErrorBlock)errorBlk</Declaration>
			<Parameters>
				<Parameter>
					<Name>successBlk</Name>
					<Abstract type="html">block that will be called after request successfully finished with the mobile resource.</Abstract>
				</Parameter><Parameter>
					<Name>errorBlk</Name>
					<Abstract type="html">block that will be called after request finished with error.</Abstract>
				</Parameter>
			</Parameters>
			
			<Anchor>//api/name/executeFetchOnSuccess:OnError:</Anchor>
            <NodeRef refid="7"/>
		</Token>
		
        
	</File>
</Tokens>