<?xml version="1.0" encoding="UTF-8"?>
<Tokens version="1.0">
	<File path="Classes/OMCMobileObject.html">
		
		<Token>
			<TokenIdentifier>//apple_ref/occ/cl/OMCMobileObject</TokenIdentifier>
			<Abstract type="html">Class that represents an object returned by a custom code API. Callers can deliver from OMCMobileObject to provide strongly typed properties for the object.</Abstract>
			<DeclaredIn>OMCMobileObject.h</DeclaredIn>
            
			
			<NodeRef refid="14"/>
		</Token>
		
		
		<Token>
			<TokenIdentifier>//apple_ref/occ/instm/OMCMobileObject/jsonObject</TokenIdentifier>
			<Abstract type="html">The underlying JSON representation of the object.</Abstract>
			<DeclaredIn>OMCMobileObject.h</DeclaredIn>
			
			<Declaration>- (id)jsonObject</Declaration>
			
			
			<Anchor>//api/name/jsonObject</Anchor>
            <NodeRef refid="14"/>
		</Token>
		
		<Token>
			<TokenIdentifier>//apple_ref/occ/instm/OMCMobileObject/jsonObjectPersistentState</TokenIdentifier>
			<Abstract type="html">Object&apos;s persistent state ( server copy ).</Abstract>
			<DeclaredIn>OMCMobileObject.h</DeclaredIn>
			
			<Declaration>- (id)jsonObjectPersistentState</Declaration>
			
			
			<Anchor>//api/name/jsonObjectPersistentState</Anchor>
            <NodeRef refid="14"/>
		</Token>
		
		<Token>
			<TokenIdentifier>//apple_ref/occ/instm/OMCMobileObject/addOrUpdateJsonProperty:propertyValue:</TokenIdentifier>
			<Abstract type="html">Adds the property to json object. It will not save unit saveResource method invoked.</Abstract>
			<DeclaredIn>OMCMobileObject.h</DeclaredIn>
			
			<Declaration>- (void)addOrUpdateJsonProperty:(NSString *)propertyName propertyValue:(NSString *)value</Declaration>
			<Parameters>
				<Parameter>
					<Name>propertyName</Name>
					<Abstract type="html">key cannot be nil</Abstract>
				</Parameter><Parameter>
					<Name>value</Name>
					<Abstract type="html">value of the property</Abstract>
				</Parameter>
			</Parameters>
			
			<Anchor>//api/name/addOrUpdateJsonProperty:propertyValue:</Anchor>
            <NodeRef refid="14"/>
		</Token>
		
		<Token>
			<TokenIdentifier>//apple_ref/occ/instm/OMCMobileObject/saveResourceOnSuccess:OnError:</TokenIdentifier>
			<Abstract type="html">  * Saves any changes to the object back to the service. Caches the changes locally if offline.</Abstract>
			<DeclaredIn>OMCMobileObject.h</DeclaredIn>
			
			<Declaration>- (void)saveResourceOnSuccess:(OMCObjectSuccess)successBlk OnError:(OMCSyncErrorBlock)errorBlk</Declaration>
			<Parameters>
				<Parameter>
					<Name>successBlk</Name>
					<Abstract type="html">block that will be called after request successfully finished with the mobile resource.</Abstract>
				</Parameter><Parameter>
					<Name>errorBlk</Name>
					<Abstract type="html">block that will be called after request finished with error.</Abstract>
				</Parameter>
			</Parameters>
			
			<Anchor>//api/name/saveResourceOnSuccess:OnError:</Anchor>
            <NodeRef refid="14"/>
		</Token>
		
		<Token>
			<TokenIdentifier>//apple_ref/occ/instm/OMCMobileObject/saveResource:OnSuccess:OnError:</TokenIdentifier>
			<Abstract type="html">  * Saves any changes to the object back to the service.</Abstract>
			<DeclaredIn>OMCMobileObject.h</DeclaredIn>
			
			<Declaration>- (void)saveResource:(BOOL)saveIfOffline OnSuccess:(OMCObjectSuccess)successBlk OnError:(OMCSyncErrorBlock)errorBlk</Declaration>
			<Parameters>
				<Parameter>
					<Name>saveIfOffline</Name>
					<Abstract type="html">If true will cache updates locally and sync them back to the service if the device is offline, if false will fail if the device is offline.</Abstract>
				</Parameter><Parameter>
					<Name>successBlk</Name>
					<Abstract type="html">block that will be called after request successfully finished with the mobile resource.</Abstract>
				</Parameter><Parameter>
					<Name>errorBlk</Name>
					<Abstract type="html">block that will be called after request finished with error.</Abstract>
				</Parameter>
			</Parameters>
			
			<Anchor>//api/name/saveResource:OnSuccess:OnError:</Anchor>
            <NodeRef refid="14"/>
		</Token>
		
		<Token>
			<TokenIdentifier>//apple_ref/occ/instm/OMCMobileObject/deleteResourceOnError:</TokenIdentifier>
			<Abstract type="html">  * Deletes the object. Caches the delete locally if offline.</Abstract>
			<DeclaredIn>OMCMobileObject.h</DeclaredIn>
			
			<Declaration>- (void)deleteResourceOnError:(OMCSyncErrorBlock)errorBlk</Declaration>
			<Parameters>
				<Parameter>
					<Name>errorBlk</Name>
					<Abstract type="html">block that will be called after request finished with error.</Abstract>
				</Parameter>
			</Parameters>
			
			<Anchor>//api/name/deleteResourceOnError:</Anchor>
            <NodeRef refid="14"/>
		</Token>
		
		<Token>
			<TokenIdentifier>//apple_ref/occ/instm/OMCMobileObject/deleteResource:OnError:</TokenIdentifier>
			<Abstract type="html">  * Deletes the object.</Abstract>
			<DeclaredIn>OMCMobileObject.h</DeclaredIn>
			
			<Declaration>- (void)deleteResource:(BOOL)deleteIfOffline OnError:(OMCSyncErrorBlock)errorBlk</Declaration>
			<Parameters>
				<Parameter>
					<Name>deleteIfOffline</Name>
					<Abstract type="html">If true will cache the delete locally and sync back to the service if the device is offline, if false will fail if the device is offline.</Abstract>
				</Parameter><Parameter>
					<Name>errorBlk</Name>
					<Abstract type="html">block that will be called after request finished with error.</Abstract>
				</Parameter>
			</Parameters>
			
			<Anchor>//api/name/deleteResource:OnError:</Anchor>
            <NodeRef refid="14"/>
		</Token>
		
        
	</File>
</Tokens>