<?xml version="1.0" encoding="UTF-8"?>
<Tokens version="1.0">
	<File path="Classes/OMCMobileFile.html">
		
		<Token>
			<TokenIdentifier>//apple_ref/occ/cl/OMCMobileFile</TokenIdentifier>
			<Abstract type="html">Class that represents an file or blob returned by a custom code API.</Abstract>
			<DeclaredIn>OMCMobileFile.h</DeclaredIn>
            
			
			<NodeRef refid="13"/>
		</Token>
		
		
		<Token>
			<TokenIdentifier>//apple_ref/occ/instm/OMCMobileFile/getData</TokenIdentifier>
			<Abstract type="html">Returns the raw file data.</Abstract>
			<DeclaredIn>OMCMobileFile.h</DeclaredIn>
			
			<Declaration>- (NSData *)getData</Declaration>
			
			
			<Anchor>//api/name/getData</Anchor>
            <NodeRef refid="13"/>
		</Token>
		
		<Token>
			<TokenIdentifier>//apple_ref/occ/instm/OMCMobileFile/getDataPersistentState</TokenIdentifier>
			<Abstract type="html">Returns the raw file data. ( Server copy )</Abstract>
			<DeclaredIn>OMCMobileFile.h</DeclaredIn>
			
			<Declaration>- (NSData *)getDataPersistentState</Declaration>
			
			
			<Anchor>//api/name/getDataPersistentState</Anchor>
            <NodeRef refid="13"/>
		</Token>
		
		<Token>
			<TokenIdentifier>//apple_ref/occ/instm/OMCMobileFile/getDataStream</TokenIdentifier>
			<Abstract type="html">Returns the input stream of the data.</Abstract>
			<DeclaredIn>OMCMobileFile.h</DeclaredIn>
			
			<Declaration>- (NSInputStream *)getDataStream</Declaration>
			
			
			<Anchor>//api/name/getDataStream</Anchor>
            <NodeRef refid="13"/>
		</Token>
		
		<Token>
			<TokenIdentifier>//apple_ref/occ/instm/OMCMobileFile/getFilepath</TokenIdentifier>
			<Abstract type="html">Returns the file path of the raw file data.</Abstract>
			<DeclaredIn>OMCMobileFile.h</DeclaredIn>
			
			<Declaration>- (NSString *)getFilepath</Declaration>
			
			
			<Anchor>//api/name/getFilepath</Anchor>
            <NodeRef refid="13"/>
		</Token>
		
		<Token>
			<TokenIdentifier>//apple_ref/occ/instm/OMCMobileFile/getFilepathPersistentState</TokenIdentifier>
			<Abstract type="html">Returns the file path of the raw file data. ( Server copy )</Abstract>
			<DeclaredIn>OMCMobileFile.h</DeclaredIn>
			
			<Declaration>- (NSString *)getFilepathPersistentState</Declaration>
			
			
			<Anchor>//api/name/getFilepathPersistentState</Anchor>
            <NodeRef refid="13"/>
		</Token>
		
		<Token>
			<TokenIdentifier>//apple_ref/occ/instm/OMCMobileFile/saveResource:contentType:OnSuccess:OnError:</TokenIdentifier>
			<Abstract type="html">* Saves any changes to the file back to the service. Caches the changes locally if offline.</Abstract>
			<DeclaredIn>OMCMobileFile.h</DeclaredIn>
			
			<Declaration>- (void)saveResource:(NSData *)data contentType:(NSString *)contentType OnSuccess:(OMCFileSuccess)successBlk OnError:(OMCSyncErrorBlock)errorBlk</Declaration>
			<Parameters>
				<Parameter>
					<Name>data</Name>
					<Abstract type="html">raw data for file</Abstract>
				</Parameter><Parameter>
					<Name>contentType</Name>
					<Abstract type="html">type of content in data for file</Abstract>
				</Parameter><Parameter>
					<Name>successBlk</Name>
					<Abstract type="html">block that will be called after request successfully finished with the mobile resource.</Abstract>
				</Parameter><Parameter>
					<Name>errorBlk</Name>
					<Abstract type="html">block that will be called after request finished with error.</Abstract>
				</Parameter>
			</Parameters>
			
			<Anchor>//api/name/saveResource:contentType:OnSuccess:OnError:</Anchor>
            <NodeRef refid="13"/>
		</Token>
		
		<Token>
			<TokenIdentifier>//apple_ref/occ/instm/OMCMobileFile/saveResource:contentType:saveIfOffline:OnSuccess:OnError:</TokenIdentifier>
			<Abstract type="html">* Saves any changes to the file back to the service.</Abstract>
			<DeclaredIn>OMCMobileFile.h</DeclaredIn>
			
			<Declaration>- (void)saveResource:(NSData *)data contentType:(NSString *)contentType saveIfOffline:(BOOL)saveIfOffline OnSuccess:(OMCFileSuccess)successBlk OnError:(OMCSyncErrorBlock)errorBlk</Declaration>
			<Parameters>
				<Parameter>
					<Name>data</Name>
					<Abstract type="html">raw data for file</Abstract>
				</Parameter><Parameter>
					<Name>contentType</Name>
					<Abstract type="html">type of content in data for file</Abstract>
				</Parameter><Parameter>
					<Name>saveIfOffline</Name>
					<Abstract type="html">If true will cache updates locally and sync them back to the service if the device is offline, if false will fail if the device is offline.</Abstract>
				</Parameter><Parameter>
					<Name>successBlk</Name>
					<Abstract type="html">block that will be called after request successfully finished with the mobile resource.</Abstract>
				</Parameter><Parameter>
					<Name>errorBlk</Name>
					<Abstract type="html">block that will be called after request finished with error.</Abstract>
				</Parameter>
			</Parameters>
			
			<Anchor>//api/name/saveResource:contentType:saveIfOffline:OnSuccess:OnError:</Anchor>
            <NodeRef refid="13"/>
		</Token>
		
		<Token>
			<TokenIdentifier>//apple_ref/occ/instm/OMCMobileFile/deleteResourceOnError:</TokenIdentifier>
			<Abstract type="html">* Deletes the file. Caches the delete locally if offline.</Abstract>
			<DeclaredIn>OMCMobileFile.h</DeclaredIn>
			
			<Declaration>- (void)deleteResourceOnError:(OMCSyncErrorBlock)errorBlk</Declaration>
			<Parameters>
				<Parameter>
					<Name>errorBlk</Name>
					<Abstract type="html">block that will be called after request finished with error.</Abstract>
				</Parameter>
			</Parameters>
			
			<Anchor>//api/name/deleteResourceOnError:</Anchor>
            <NodeRef refid="13"/>
		</Token>
		
		<Token>
			<TokenIdentifier>//apple_ref/occ/instm/OMCMobileFile/deleteResource:OnError:</TokenIdentifier>
			<Abstract type="html">* Deletes the file.</Abstract>
			<DeclaredIn>OMCMobileFile.h</DeclaredIn>
			
			<Declaration>- (void)deleteResource:(BOOL)deleteIfOffline OnError:(OMCSyncErrorBlock)errorBlk</Declaration>
			<Parameters>
				<Parameter>
					<Name>deleteIfOffline</Name>
					<Abstract type="html">If true will cache the delete locally and sync back to the service if the device is offline, if false will fail if the device is offline.</Abstract>
				</Parameter><Parameter>
					<Name>errorBlk</Name>
					<Abstract type="html">block that will be called after request finished with error.</Abstract>
				</Parameter>
			</Parameters>
			
			<Anchor>//api/name/deleteResource:OnError:</Anchor>
            <NodeRef refid="13"/>
		</Token>
		
        
	</File>
</Tokens>