<?xml version="1.0" encoding="UTF-8"?>
<Tokens version="1.0">
	<File path="Protocols/OMCAnalyticsDelegate.html">
		
		<Token>
			<TokenIdentifier>//apple_ref/occ/intf/OMCAnalyticsDelegate</TokenIdentifier>
			<Abstract type="html">This protocol defines the optional methods used to receive updates from
the Analytics service.</Abstract>
			<DeclaredIn>OMCAnalyticsDelegate.h</DeclaredIn>
            
			
			<NodeRef refid="26"/>
		</Token>
		
		
		<Token>
			<TokenIdentifier>//apple_ref/occ/intfm/OMCAnalyticsDelegate/analytics:didPostEvents:response:responseData:</TokenIdentifier>
			<Abstract type="html">Notifies the delegate that the analytics service successfully posted events
to the analytics server.</Abstract>
			<DeclaredIn>OMCAnalyticsDelegate.h</DeclaredIn>
			
			<Declaration>- (void)analytics:(OMCAnalytics *)analytics didPostEvents:(NSURLRequest *)request response:(NSHTTPURLResponse *)response responseData:(NSData *)responseData</Declaration>
			<Parameters>
				<Parameter>
					<Name>analytics</Name>
					<Abstract type="html">The analytics that generated the event.</Abstract>
				</Parameter><Parameter>
					<Name>request</Name>
					<Abstract type="html">The REST request used to post the analytics events to the analytics server.</Abstract>
				</Parameter><Parameter>
					<Name>response</Name>
					<Abstract type="html">The REST server response to the posting of analytics events.</Abstract>
				</Parameter><Parameter>
					<Name>responseData</Name>
					<Abstract type="html">The data returned by the analytics server in response to the posting of analytics events.</Abstract>
				</Parameter>
			</Parameters>
			
			<Anchor>//api/name/analytics:didPostEvents:response:responseData:</Anchor>
            <NodeRef refid="26"/>
		</Token>
		
		<Token>
			<TokenIdentifier>//apple_ref/occ/intfm/OMCAnalyticsDelegate/analytics:didFailWithError:</TokenIdentifier>
			<Abstract type="html">Notifies the delegate that the analytics service suffered the specified error.</Abstract>
			<DeclaredIn>OMCAnalyticsDelegate.h</DeclaredIn>
			
			<Declaration>- (void)analytics:(OMCAnalytics *)analytics didFailWithError:(NSError *)error</Declaration>
			<Parameters>
				<Parameter>
					<Name>analytics</Name>
					<Abstract type="html">The analytics that generated the event.</Abstract>
				</Parameter><Parameter>
					<Name>error</Name>
					<Abstract type="html">The error generated by the analytics service, typically related to
posting analytics events.</Abstract>
				</Parameter>
			</Parameters>
			
			<Anchor>//api/name/analytics:didFailWithError:</Anchor>
            <NodeRef refid="26"/>
		</Token>
		
        
	</File>
</Tokens>