<?xml version="1.0" encoding="UTF-8"?>
<Tokens version="1.0">
	<File path="Classes/OMCMobileBackendManager.html">
		
		<Token>
			<TokenIdentifier>//apple_ref/occ/cl/OMCMobileBackendManager</TokenIdentifier>
			<Abstract type="html">The mobile backend manager is the entry point to the Oracle Mobile Cloud SDK.
It is responsible for building and holding the various mobile backends.</Abstract>
			<DeclaredIn>OMCMobileBackendManager.h</DeclaredIn>
            
			
			<NodeRef refid="11"/>
		</Token>
		
		
		<Token>
			<TokenIdentifier>//apple_ref/occ/instm/OMCMobileBackendManager/setDefaultMobileBackend:</TokenIdentifier>
			<Abstract type="html">The mobile backend manager&apos;s default mobile backend. This is the mobile backend
designated as the the &quot;default&quot; mobile backend in the OMC property list file
(OMC.plist).</Abstract>
			<DeclaredIn>OMCMobileBackendManager.h</DeclaredIn>
			
			<Declaration>@property (readonly, nonatomic) OMCMobileBackend *defaultMobileBackend</Declaration>
			
			
			<Anchor>//api/name/defaultMobileBackend</Anchor>
            <NodeRef refid="11"/>
		</Token>
		
		<Token>
			<TokenIdentifier>//apple_ref/occ/instm/OMCMobileBackendManager/defaultMobileBackend</TokenIdentifier>
			<Abstract type="html">The mobile backend manager&apos;s default mobile backend. This is the mobile backend
designated as the the &quot;default&quot; mobile backend in the OMC property list file
(OMC.plist).</Abstract>
			<DeclaredIn>OMCMobileBackendManager.h</DeclaredIn>
			
			<Declaration>@property (readonly, nonatomic) OMCMobileBackend *defaultMobileBackend</Declaration>
			
			
			<Anchor>//api/name/defaultMobileBackend</Anchor>
            <NodeRef refid="11"/>
		</Token>
		
		<Token>
			<TokenIdentifier>//apple_ref/occ/instp/OMCMobileBackendManager/defaultMobileBackend</TokenIdentifier>
			<Abstract type="html">The mobile backend manager&apos;s default mobile backend. This is the mobile backend
designated as the the &quot;default&quot; mobile backend in the OMC property list file
(OMC.plist).</Abstract>
			<DeclaredIn>OMCMobileBackendManager.h</DeclaredIn>
			
			<Declaration>@property (readonly, nonatomic) OMCMobileBackend *defaultMobileBackend</Declaration>
			
			
			<Anchor>//api/name/defaultMobileBackend</Anchor>
            <NodeRef refid="11"/>
		</Token>
		
		<Token>
			<TokenIdentifier>//apple_ref/occ/instm/OMCMobileBackendManager/setProperties:</TokenIdentifier>
			<Abstract type="html">The mobile backend manager&apos;s properties, as specified by the OMC property list file
(OMC.plist).</Abstract>
			<DeclaredIn>OMCMobileBackendManager.h</DeclaredIn>
			
			<Declaration>@property (readonly, nonatomic) NSDictionary *properties</Declaration>
			
			
			<Anchor>//api/name/properties</Anchor>
            <NodeRef refid="11"/>
		</Token>
		
		<Token>
			<TokenIdentifier>//apple_ref/occ/instm/OMCMobileBackendManager/properties</TokenIdentifier>
			<Abstract type="html">The mobile backend manager&apos;s properties, as specified by the OMC property list file
(OMC.plist).</Abstract>
			<DeclaredIn>OMCMobileBackendManager.h</DeclaredIn>
			
			<Declaration>@property (readonly, nonatomic) NSDictionary *properties</Declaration>
			
			
			<Anchor>//api/name/properties</Anchor>
            <NodeRef refid="11"/>
		</Token>
		
		<Token>
			<TokenIdentifier>//apple_ref/occ/instp/OMCMobileBackendManager/properties</TokenIdentifier>
			<Abstract type="html">The mobile backend manager&apos;s properties, as specified by the OMC property list file
(OMC.plist).</Abstract>
			<DeclaredIn>OMCMobileBackendManager.h</DeclaredIn>
			
			<Declaration>@property (readonly, nonatomic) NSDictionary *properties</Declaration>
			
			
			<Anchor>//api/name/properties</Anchor>
            <NodeRef refid="11"/>
		</Token>
		
		<Token>
			<TokenIdentifier>//apple_ref/occ/instm/OMCMobileBackendManager/setLogLevel:</TokenIdentifier>
			<Abstract type="html">The mobile backend manager&apos;s log level. This log level controls the volume of log entries
produced by the Oracle Mobile Cloud SDK. The log level can be set to one of the following
levels: none, error, warning, info, debug.
This log level can be either initialized
from the default property list file (OMC.plist) or set directly at
runtime via this property. If it is not set explicitly, the log level is error.</Abstract>
			<DeclaredIn>OMCMobileBackendManager.h</DeclaredIn>
			
			<Declaration>@property (nonatomic) NSString *logLevel</Declaration>
			
			
			<Anchor>//api/name/logLevel</Anchor>
            <NodeRef refid="11"/>
		</Token>
		
		<Token>
			<TokenIdentifier>//apple_ref/occ/instm/OMCMobileBackendManager/logLevel</TokenIdentifier>
			<Abstract type="html">The mobile backend manager&apos;s log level. This log level controls the volume of log entries
produced by the Oracle Mobile Cloud SDK. The log level can be set to one of the following
levels: none, error, warning, info, debug.
This log level can be either initialized
from the default property list file (OMC.plist) or set directly at
runtime via this property. If it is not set explicitly, the log level is error.</Abstract>
			<DeclaredIn>OMCMobileBackendManager.h</DeclaredIn>
			
			<Declaration>@property (nonatomic) NSString *logLevel</Declaration>
			
			
			<Anchor>//api/name/logLevel</Anchor>
            <NodeRef refid="11"/>
		</Token>
		
		<Token>
			<TokenIdentifier>//apple_ref/occ/instp/OMCMobileBackendManager/logLevel</TokenIdentifier>
			<Abstract type="html">The mobile backend manager&apos;s log level. This log level controls the volume of log entries
produced by the Oracle Mobile Cloud SDK. The log level can be set to one of the following
levels: none, error, warning, info, debug.
This log level can be either initialized
from the default property list file (OMC.plist) or set directly at
runtime via this property. If it is not set explicitly, the log level is error.</Abstract>
			<DeclaredIn>OMCMobileBackendManager.h</DeclaredIn>
			
			<Declaration>@property (nonatomic) NSString *logLevel</Declaration>
			
			
			<Anchor>//api/name/logLevel</Anchor>
            <NodeRef refid="11"/>
		</Token>
		
		<Token>
			<TokenIdentifier>//apple_ref/occ/clm/OMCMobileBackendManager/sharedManager</TokenIdentifier>
			<Abstract type="html">Returns the singleton mobile backend manager.</Abstract>
			<DeclaredIn>OMCMobileBackendManager.h</DeclaredIn>
			
			<Declaration>+ (OMCMobileBackendManager *)sharedManager</Declaration>
			
			
			<Anchor>//api/name/sharedManager</Anchor>
            <NodeRef refid="11"/>
		</Token>
		
		<Token>
			<TokenIdentifier>//apple_ref/occ/instm/OMCMobileBackendManager/mobileBackendForName:</TokenIdentifier>
			<Abstract type="html">Returns the receiver&apos;s mobile backend for the specified name, if present.</Abstract>
			<DeclaredIn>OMCMobileBackendManager.h</DeclaredIn>
			
			<Declaration>- (OMCMobileBackend *)mobileBackendForName:(NSString *)name</Declaration>
			<Parameters>
				<Parameter>
					<Name>name</Name>
					<Abstract type="html">The name of the mobile backend.</Abstract>
				</Parameter>
			</Parameters>
			
			<Anchor>//api/name/mobileBackendForName:</Anchor>
            <NodeRef refid="11"/>
		</Token>
		
		<Token>
			<TokenIdentifier>//apple_ref/occ/instm/OMCMobileBackendManager/addMobileBackendForName:properties:</TokenIdentifier>
			<Abstract type="html">Adds to the receiver and returns a new mobile backend for the specified name
and initialized with the specified properties.
The properties must be in the same form as the properties in the OMC property
list file (OMC.plist).</Abstract>
			<DeclaredIn>OMCMobileBackendManager.h</DeclaredIn>
			
			<Declaration>- (OMCMobileBackend *)addMobileBackendForName:(NSString *)name properties:(NSDictionary *)properties</Declaration>
			<Parameters>
				<Parameter>
					<Name>name</Name>
					<Abstract type="html">The name of the new mobile backend.</Abstract>
				</Parameter><Parameter>
					<Name>properties</Name>
					<Abstract type="html">The new mobile backend&apos;s initial properties.</Abstract>
				</Parameter>
			</Parameters>
			
			<Anchor>//api/name/addMobileBackendForName:properties:</Anchor>
            <NodeRef refid="11"/>
		</Token>
		
		<Token>
			<TokenIdentifier>//apple_ref/occ/instm/OMCMobileBackendManager/removeMobileBackend:</TokenIdentifier>
			<Abstract type="html">Removes from the receiver the specified mobile backend.</Abstract>
			<DeclaredIn>OMCMobileBackendManager.h</DeclaredIn>
			
			<Declaration>- (void)removeMobileBackend:(OMCMobileBackend *)mobileBackend</Declaration>
			<Parameters>
				<Parameter>
					<Name>mobileBackend</Name>
					<Abstract type="html">The mobile backend.</Abstract>
				</Parameter>
			</Parameters>
			
			<Anchor>//api/name/removeMobileBackend:</Anchor>
            <NodeRef refid="11"/>
		</Token>
		
		<Token>
			<TokenIdentifier>//apple_ref/occ/instm/OMCMobileBackendManager/removeMobileBackendForName:</TokenIdentifier>
			<Abstract type="html">Removes from the receiver the mobile backend for the specified name.</Abstract>
			<DeclaredIn>OMCMobileBackendManager.h</DeclaredIn>
			
			<Declaration>- (void)removeMobileBackendForName:(NSString *)name</Declaration>
			<Parameters>
				<Parameter>
					<Name>name</Name>
					<Abstract type="html">The name of the mobile backend.</Abstract>
				</Parameter>
			</Parameters>
			
			<Anchor>//api/name/removeMobileBackendForName:</Anchor>
            <NodeRef refid="11"/>
		</Token>
		
        
	</File>
</Tokens>