<?xml version="1.0" encoding="UTF-8"?>
<Tokens version="1.0">
	<File path="Constants/OMCAuthenticationType.html">
		
		<Token>
			<TokenIdentifier>//apple_ref/c/tdef/OMCAuthenticationType</TokenIdentifier>
			<Abstract type="html">Authentication type to use.  Depending on the version of
the product, only certain types are supported.</Abstract>
			<DeclaredIn>OMCAuthorization.h</DeclaredIn>
            
			
			<NodeRef refid="28"/>
		</Token>
		
		
        
        <Token>
            <TokenIdentifier>//apple_ref/c/econst/OMCAuthenticationTypeOAuth</TokenIdentifier>
            <Abstract type="html">OAuth 2.0 authentication.
     </Abstract>
            <Declaration>OMCAuthenticationTypeOAuth</Declaration>
            
            <DeclaredIn>OMCAuthorization.h</DeclaredIn>
            
            <NodeRef refid="28"/>
        </Token>
        
        <Token>
            <TokenIdentifier>//apple_ref/c/econst/OMCAuthenticationTypeHTTPBasic</TokenIdentifier>
            <Abstract type="html">HTTP Basic Authentication.
     </Abstract>
            <Declaration>OMCAuthenticationTypeHTTPBasic</Declaration>
            
            <DeclaredIn>OMCAuthorization.h</DeclaredIn>
            
            <NodeRef refid="28"/>
        </Token>
        
        <Token>
            <TokenIdentifier>//apple_ref/c/econst/OMCAuthenticationTypeSSO</TokenIdentifier>
            <Abstract type="html">Single sign-on Authentication.
     </Abstract>
            <Declaration>OMCAuthenticationTypeSSO</Declaration>
            
            <DeclaredIn>OMCAuthorization.h</DeclaredIn>
            
            <NodeRef refid="28"/>
        </Token>
        
        <Token>
            <TokenIdentifier>//apple_ref/c/econst/OMCAuthenticationTypeFacebook</TokenIdentifier>
            <Abstract type="html">Facebook Authentication.
     </Abstract>
            <Declaration>OMCAuthenticationTypeFacebook</Declaration>
            
            <DeclaredIn>OMCAuthorization.h</DeclaredIn>
            
            <NodeRef refid="28"/>
        </Token>
        
	</File>
</Tokens>