<?xml version="1.0" encoding="UTF-8"?>
<Tokens version="1.0">
	<File path="Classes/OMCUser.html">
		
		<Token>
			<TokenIdentifier>//apple_ref/occ/cl/OMCUser</TokenIdentifier>
			<Abstract type="html">An MCS user has a name and a set of properties.  A user is retrieved
from the MCS server and is not stored locally.  Note a user cannot be
constructed directly - it is retrieved via the method
[OMCAuthorization getCurrentUser:].  Also note the standard properties -
currently firstName, lastName and email - as well as the other properties
may not be modified.</Abstract>
			<DeclaredIn>OMCUser.h</DeclaredIn>
            
			
			<NodeRef refid="25"/>
		</Token>
		
		
		<Token>
			<TokenIdentifier>//apple_ref/occ/instm/OMCUser/setUsername:</TokenIdentifier>
			<Abstract type="html">The user&apos;s name. The name cannot be modified.</Abstract>
			<DeclaredIn>OMCUser.h</DeclaredIn>
			
			<Declaration>@property (readonly, nonatomic) NSString *username</Declaration>
			
			
			<Anchor>//api/name/username</Anchor>
            <NodeRef refid="25"/>
		</Token>
		
		<Token>
			<TokenIdentifier>//apple_ref/occ/instm/OMCUser/username</TokenIdentifier>
			<Abstract type="html">The user&apos;s name. The name cannot be modified.</Abstract>
			<DeclaredIn>OMCUser.h</DeclaredIn>
			
			<Declaration>@property (readonly, nonatomic) NSString *username</Declaration>
			
			
			<Anchor>//api/name/username</Anchor>
            <NodeRef refid="25"/>
		</Token>
		
		<Token>
			<TokenIdentifier>//apple_ref/occ/instp/OMCUser/username</TokenIdentifier>
			<Abstract type="html">The user&apos;s name. The name cannot be modified.</Abstract>
			<DeclaredIn>OMCUser.h</DeclaredIn>
			
			<Declaration>@property (readonly, nonatomic) NSString *username</Declaration>
			
			
			<Anchor>//api/name/username</Anchor>
            <NodeRef refid="25"/>
		</Token>
		
		<Token>
			<TokenIdentifier>//apple_ref/occ/instm/OMCUser/setFirstName:</TokenIdentifier>
			<Abstract type="html">First name of user.  Cannot be modified.</Abstract>
			<DeclaredIn>OMCUser.h</DeclaredIn>
			
			<Declaration>@property (readonly, nonatomic) NSString *firstName</Declaration>
			
			
			<Anchor>//api/name/firstName</Anchor>
            <NodeRef refid="25"/>
		</Token>
		
		<Token>
			<TokenIdentifier>//apple_ref/occ/instm/OMCUser/firstName</TokenIdentifier>
			<Abstract type="html">First name of user.  Cannot be modified.</Abstract>
			<DeclaredIn>OMCUser.h</DeclaredIn>
			
			<Declaration>@property (readonly, nonatomic) NSString *firstName</Declaration>
			
			
			<Anchor>//api/name/firstName</Anchor>
            <NodeRef refid="25"/>
		</Token>
		
		<Token>
			<TokenIdentifier>//apple_ref/occ/instp/OMCUser/firstName</TokenIdentifier>
			<Abstract type="html">First name of user.  Cannot be modified.</Abstract>
			<DeclaredIn>OMCUser.h</DeclaredIn>
			
			<Declaration>@property (readonly, nonatomic) NSString *firstName</Declaration>
			
			
			<Anchor>//api/name/firstName</Anchor>
            <NodeRef refid="25"/>
		</Token>
		
		<Token>
			<TokenIdentifier>//apple_ref/occ/instm/OMCUser/setLastName:</TokenIdentifier>
			<Abstract type="html">Last name of user.  Cannot be modified.</Abstract>
			<DeclaredIn>OMCUser.h</DeclaredIn>
			
			<Declaration>@property (readonly, nonatomic) NSString *lastName</Declaration>
			
			
			<Anchor>//api/name/lastName</Anchor>
            <NodeRef refid="25"/>
		</Token>
		
		<Token>
			<TokenIdentifier>//apple_ref/occ/instm/OMCUser/lastName</TokenIdentifier>
			<Abstract type="html">Last name of user.  Cannot be modified.</Abstract>
			<DeclaredIn>OMCUser.h</DeclaredIn>
			
			<Declaration>@property (readonly, nonatomic) NSString *lastName</Declaration>
			
			
			<Anchor>//api/name/lastName</Anchor>
            <NodeRef refid="25"/>
		</Token>
		
		<Token>
			<TokenIdentifier>//apple_ref/occ/instp/OMCUser/lastName</TokenIdentifier>
			<Abstract type="html">Last name of user.  Cannot be modified.</Abstract>
			<DeclaredIn>OMCUser.h</DeclaredIn>
			
			<Declaration>@property (readonly, nonatomic) NSString *lastName</Declaration>
			
			
			<Anchor>//api/name/lastName</Anchor>
            <NodeRef refid="25"/>
		</Token>
		
		<Token>
			<TokenIdentifier>//apple_ref/occ/instm/OMCUser/setEmail:</TokenIdentifier>
			<Abstract type="html">User&apos;s email, must conform to RFC 822 standard.  Cannot be modified.</Abstract>
			<DeclaredIn>OMCUser.h</DeclaredIn>
			
			<Declaration>@property (readonly, nonatomic) NSString *email</Declaration>
			
			
			<Anchor>//api/name/email</Anchor>
            <NodeRef refid="25"/>
		</Token>
		
		<Token>
			<TokenIdentifier>//apple_ref/occ/instm/OMCUser/email</TokenIdentifier>
			<Abstract type="html">User&apos;s email, must conform to RFC 822 standard.  Cannot be modified.</Abstract>
			<DeclaredIn>OMCUser.h</DeclaredIn>
			
			<Declaration>@property (readonly, nonatomic) NSString *email</Declaration>
			
			
			<Anchor>//api/name/email</Anchor>
            <NodeRef refid="25"/>
		</Token>
		
		<Token>
			<TokenIdentifier>//apple_ref/occ/instp/OMCUser/email</TokenIdentifier>
			<Abstract type="html">User&apos;s email, must conform to RFC 822 standard.  Cannot be modified.</Abstract>
			<DeclaredIn>OMCUser.h</DeclaredIn>
			
			<Declaration>@property (readonly, nonatomic) NSString *email</Declaration>
			
			
			<Anchor>//api/name/email</Anchor>
            <NodeRef refid="25"/>
		</Token>
		
		<Token>
			<TokenIdentifier>//apple_ref/occ/instm/OMCUser/setProperties:</TokenIdentifier>
			<Abstract type="html">The user&apos;s other properties.  The standard properties, currently
email, first and last name, should not be added to the properties
dictionary, and will be overwritten by the standalone properties
for those.</Abstract>
			<DeclaredIn>OMCUser.h</DeclaredIn>
			
			<Declaration>@property (readonly, nonatomic) NSMutableDictionary *properties</Declaration>
			
			
			<Anchor>//api/name/properties</Anchor>
            <NodeRef refid="25"/>
		</Token>
		
		<Token>
			<TokenIdentifier>//apple_ref/occ/instm/OMCUser/properties</TokenIdentifier>
			<Abstract type="html">The user&apos;s other properties.  The standard properties, currently
email, first and last name, should not be added to the properties
dictionary, and will be overwritten by the standalone properties
for those.</Abstract>
			<DeclaredIn>OMCUser.h</DeclaredIn>
			
			<Declaration>@property (readonly, nonatomic) NSMutableDictionary *properties</Declaration>
			
			
			<Anchor>//api/name/properties</Anchor>
            <NodeRef refid="25"/>
		</Token>
		
		<Token>
			<TokenIdentifier>//apple_ref/occ/instp/OMCUser/properties</TokenIdentifier>
			<Abstract type="html">The user&apos;s other properties.  The standard properties, currently
email, first and last name, should not be added to the properties
dictionary, and will be overwritten by the standalone properties
for those.</Abstract>
			<DeclaredIn>OMCUser.h</DeclaredIn>
			
			<Declaration>@property (readonly, nonatomic) NSMutableDictionary *properties</Declaration>
			
			
			<Anchor>//api/name/properties</Anchor>
            <NodeRef refid="25"/>
		</Token>
		
        
	</File>
</Tokens>